{
  "experiment": "buu_low",
  "step": 9999,
  "fields": {
    "adjust_b": {
      "shape": [
        79423,
        1,
        3
      ],
      "dtype": "float32"
    },
    "adjust_k": {
      "shape": [
        79423,
        1,
        3
      ],
      "dtype": "float32"
    },
    "means3d": {
      "shape": [
        79423,
        3
      ],
      "dtype": "float32"
    },
    "opacities": {
      "shape": [
        79423
      ],
      "dtype": "float32"
    },
    "quats": {
      "shape": [
        79423,
        4
      ],
      "dtype": "float32"
    },
    "scales": {
      "shape": [
        79423,
        3
      ],
      "dtype": "float32"
    },
    "sh0": {
      "shape": [
        79423,
        1,
        3
      ],
      "dtype": "float32"
    },
    "shN": {
      "shape": [
        79423,
        15,
        3
      ],
      "dtype": "float32"
    }
  },
  "gaussian_count": 79423,
  "means3d_stats": {
    "min": [
      -3.896202802658081,
      -13.297350883483887,
      -5.846510410308838
    ],
    "max": [
      6.176528453826904,
      5.10930061340332,
      3.0038325786590576
    ],
    "mean": [
      0.381497323513031,
      0.40586090087890625,
      -0.012783091515302658
    ]
  },
  "scales_stats": {
    "raw_mean": [
      -4.763008117675781,
      -5.475599765777588,
      -5.141758918762207
    ],
    "exp_mean": [
      0.02948462963104248,
      0.017043963074684143,
      0.020680002868175507
    ],
    "exp_min": [
      2.115683628289844e-08,
      1.841960681758792e-07,
      1.3903503770507086e-07
    ],
    "exp_max": [
      1.1830625534057617,
      1.3667007684707642,
      0.7680109143257141
    ]
  },
  "quat_stats": {
    "norm_mean": 1.2117904424667358,
    "norm_min": 0.28379687666893005,
    "norm_max": 2.552046537399292
  },
  "opacity_stats": {
    "sigmoid_mean": 0.1916169673204422,
    "sigmoid_min": 0.001780310645699501,
    "sigmoid_max": 1.0
  },
  "adjust_k_stats": {
    "mean_rgb": [
      0.00427947286516428,
      0.20466649532318115,
      0.9055605530738831
    ],
    "min_rgb": [
      -5.05367374420166,
      -6.862616539001465,
      -6.069878101348877
    ],
    "max_rgb": [
      6.398172855377197,
      8.898510932922363,
      7.868058681488037
    ]
  },
  "adjust_b_stats": {
    "mean_rgb": [
      -0.11682885885238647,
      -0.13387322425842285,
      -0.008185528218746185
    ],
    "min_rgb": [
      -5.572873592376709,
      -5.178712368011475,
      -5.504836559295654
    ],
    "max_rgb": [
      4.734495639801025,
      3.9069926738739014,
      7.257797718048096
    ]
  },
  "sh0_stats": {
    "mean_rgb": [
      1.1614545583724976,
      0.8385007977485657,
      0.2675333321094513
    ],
    "min_rgb": [
      -2.781538963317871,
      -3.2923970222473145,
      -2.6286492347717285
    ],
    "max_rgb": [
      12.197755813598633,
      8.28465747833252,
      8.541465759277344
    ]
  },
  "shN_stats": {
    "abs_mean": 0.027670059353113174,
    "abs_max": 0.5885621309280396
  }
}