{"mem": 0.5182085037231445, "ellipse_time": 762.3156702518463, "num_GS": 79423}