{"mem": 0.5087924003601074, "ellipse_time": 376.90290427207947, "num_GS": 75960}