{"psnr": 21.042713165283203, "ssim": 0.9162596464157104, "lpips": 0.17832235991954803, "ellipse_time": 0.010489463806152344, "num_GS": 79423}