{"psnr": 19.27581214904785, "ssim": 0.844588041305542, "lpips": 0.28440722823143005, "ellipse_time": 0.002492030461629232, "num_GS": 79283}