{"psnr": 19.48838996887207, "ssim": 0.8496782779693604, "lpips": 0.23386220633983612, "ellipse_time": 0.002260148525238037, "num_GS": 39086}