{
  "experiment": "buu_over_exp",
  "step": 9999,
  "fields": {
    "adjust_b": {
      "shape": [
        91968,
        1,
        3
      ],
      "dtype": "float32"
    },
    "adjust_k": {
      "shape": [
        91968,
        1,
        3
      ],
      "dtype": "float32"
    },
    "means3d": {
      "shape": [
        91968,
        3
      ],
      "dtype": "float32"
    },
    "opacities": {
      "shape": [
        91968
      ],
      "dtype": "float32"
    },
    "quats": {
      "shape": [
        91968,
        4
      ],
      "dtype": "float32"
    },
    "scales": {
      "shape": [
        91968,
        3
      ],
      "dtype": "float32"
    },
    "sh0": {
      "shape": [
        91968,
        1,
        3
      ],
      "dtype": "float32"
    },
    "shN": {
      "shape": [
        91968,
        15,
        3
      ],
      "dtype": "float32"
    }
  },
  "gaussian_count": 91968,
  "means3d_stats": {
    "min": [
      -6.529323577880859,
      -10.401701927185059,
      -3.652177572250366
    ],
    "max": [
      7.181390285491943,
      5.571414947509766,
      2.3985400199890137
    ],
    "mean": [
      0.29808059334754944,
      0.43768739700317383,
      -0.04476908594369888
    ]
  },
  "scales_stats": {
    "raw_mean": [
      -5.679718017578125,
      -5.9622802734375,
      -5.6750311851501465
    ],
    "exp_mean": [
      0.021367691457271576,
      0.016638636589050293,
      0.02187061309814453
    ],
    "exp_min": [
      3.8921616152265415e-08,
      3.7164067379080734e-08,
      2.3397006998493453e-08
    ],
    "exp_max": [
      1.424046516418457,
      1.0028488636016846,
      3.1676182746887207
    ]
  },
  "quat_stats": {
    "norm_mean": 1.2933375835418701,
    "norm_min": 0.33791759610176086,
    "norm_max": 2.811065673828125
  },
  "opacity_stats": {
    "sigmoid_mean": 0.2835163176059723,
    "sigmoid_min": 0.0012877414701506495,
    "sigmoid_max": 1.0
  },
  "adjust_k_stats": {
    "mean_rgb": [
      0.6935034394264221,
      0.4807581603527069,
      0.6153095364570618
    ],
    "min_rgb": [
      -3.3635082244873047,
      -5.003640174865723,
      -4.602365970611572
    ],
    "max_rgb": [
      5.880825996398926,
      7.116413116455078,
      5.899731159210205
    ]
  },
  "adjust_b_stats": {
    "mean_rgb": [
      0.016529621556401253,
      0.012975593097507954,
      0.034174565225839615
    ],
    "min_rgb": [
      -5.0671868324279785,
      -3.969935178756714,
      -5.275374889373779
    ],
    "max_rgb": [
      4.726593971252441,
      4.553587436676025,
      5.8815531730651855
    ]
  },
  "sh0_stats": {
    "mean_rgb": [
      -0.11886382102966309,
      -0.7061222791671753,
      -0.9718520641326904
    ],
    "min_rgb": [
      -4.053371429443359,
      -4.665396213531494,
      -4.951778888702393
    ],
    "max_rgb": [
      7.568999290466309,
      6.664046764373779,
      6.920952796936035
    ]
  },
  "shN_stats": {
    "abs_mean": 0.025946008041501045,
    "abs_max": 0.6382101774215698
  }
}