{"mem": 0.538909912109375, "ellipse_time": 346.45772337913513, "num_GS": 91968}