{"mem": 0.515352725982666, "ellipse_time": 178.09275245666504, "num_GS": 81704}