{
  "experiment": "chair_low",
  "step": 9999,
  "fields": {
    "adjust_b": {
      "shape": [
        54998,
        1,
        3
      ],
      "dtype": "float32"
    },
    "adjust_k": {
      "shape": [
        54998,
        1,
        3
      ],
      "dtype": "float32"
    },
    "means3d": {
      "shape": [
        54998,
        3
      ],
      "dtype": "float32"
    },
    "opacities": {
      "shape": [
        54998
      ],
      "dtype": "float32"
    },
    "quats": {
      "shape": [
        54998,
        4
      ],
      "dtype": "float32"
    },
    "scales": {
      "shape": [
        54998,
        3
      ],
      "dtype": "float32"
    },
    "sh0": {
      "shape": [
        54998,
        1,
        3
      ],
      "dtype": "float32"
    },
    "shN": {
      "shape": [
        54998,
        15,
        3
      ],
      "dtype": "float32"
    }
  },
  "gaussian_count": 54998,
  "means3d_stats": {
    "min": [
      -8.464539527893066,
      -7.208493709564209,
      -3.7636117935180664
    ],
    "max": [
      15.20698070526123,
      10.936172485351562,
      6.966689586639404
    ],
    "mean": [
      -1.1514581441879272,
      -0.15031711757183075,
      0.1395643651485443
    ]
  },
  "scales_stats": {
    "raw_mean": [
      -4.746580123901367,
      -4.420377731323242,
      -4.468204975128174
    ],
    "exp_mean": [
      0.0401475727558136,
      0.042391061782836914,
      0.04470031335949898
    ],
    "exp_min": [
      1.1649200715169172e-08,
      5.542607439679159e-08,
      4.1979440368322685e-08
    ],
    "exp_max": [
      2.156609296798706,
      2.051079273223877,
      1.4180432558059692
    ]
  },
  "quat_stats": {
    "norm_mean": 1.3410652875900269,
    "norm_min": 0.38441112637519836,
    "norm_max": 2.7846415042877197
  },
  "opacity_stats": {
    "sigmoid_mean": 0.15142251551151276,
    "sigmoid_min": 0.0012425546301528811,
    "sigmoid_max": 1.0
  },
  "adjust_k_stats": {
    "mean_rgb": [
      0.4379538595676422,
      0.41538122296333313,
      0.4970441460609436
    ],
    "min_rgb": [
      -8.897563934326172,
      -5.024881839752197,
      -4.786227703094482
    ],
    "max_rgb": [
      6.699597358703613,
      8.822450637817383,
      9.38045597076416
    ]
  },
  "adjust_b_stats": {
    "mean_rgb": [
      -0.005779362749308348,
      0.017707079648971558,
      -0.010765721090137959
    ],
    "min_rgb": [
      -3.558900833129883,
      -4.525469779968262,
      -4.571900844573975
    ],
    "max_rgb": [
      3.420963764190674,
      3.978308916091919,
      3.6032474040985107
    ]
  },
  "sh0_stats": {
    "mean_rgb": [
      0.5870630741119385,
      0.3406117856502533,
      0.23768548667430878
    ],
    "min_rgb": [
      -1.9446897506713867,
      -2.051955461502075,
      -1.9932881593704224
    ],
    "max_rgb": [
      7.285003662109375,
      6.520293235778809,
      6.347683906555176
    ]
  },
  "shN_stats": {
    "abs_mean": 0.022211162373423576,
    "abs_max": 0.8465698957443237
  }
}