{"mem": 0.4719357490539551, "ellipse_time": 607.8331732749939, "num_GS": 54998}