{"mem": 0.4608440399169922, "ellipse_time": 238.55295610427856, "num_GS": 52180}