{
  "scene": "bike",
  "num_gaussians": 263103,
  "num_train_views": 36,
  "tiny_threshold": 0.004688,
  "baseline_verification": {
    "scene": "bike",
    "num_val_views": 4,
    "per_image": [
      {
        "val_idx": 0,
        "equal": true,
        "max_abs_diff": 0,
        "mean_abs_diff": 0.0,
        "num_diff_pixels": 0
      },
      {
        "val_idx": 1,
        "equal": true,
        "max_abs_diff": 0,
        "mean_abs_diff": 0.0,
        "num_diff_pixels": 0
      },
      {
        "val_idx": 2,
        "equal": true,
        "max_abs_diff": 0,
        "mean_abs_diff": 0.0,
        "num_diff_pixels": 0
      },
      {
        "val_idx": 3,
        "equal": true,
        "max_abs_diff": 0,
        "mean_abs_diff": 0.0,
        "num_diff_pixels": 0
      }
    ],
    "baseline_metrics": {
      "psnr": 20.584558486938477,
      "ssim": 0.8177914619445801,
      "lpips": 0.20876087248325348
    },
    "reference_metrics": {
      "psnr": 20.584558486938477,
      "ssim": 0.8177914619445801,
      "lpips": 0.2087607979774475
    },
    "metric_diffs": {
      "psnr": 0.0,
      "ssim": 0.0,
      "lpips": 7.450580596923828e-08
    },
    "baseline_match": true
  },
  "importance_zero_count": 4516,
  "importance_zero_ratio": 0.017164380489770165,
  "nonzero_count": 258587,
  "nonzero_ratio": 0.9828356195102298,
  "nonzero_quantiles": {
    "min": 4.008584851870841e-07,
    "p1": 0.0002532562165477345,
    "p10": 0.04423295181544463,
    "median": 1.4148483814581345,
    "p90": 34.525971435641715,
    "p99": 427.7558711672028,
    "max": 58786.363442346956
  },
  "covered_views_zero_count": 4516,
  "covered_views_zero_ratio": 0.017164380489770165,
  "covered_views_mean": 28.90929787953767,
  "covered_views_max": 36,
  "covered_views_distribution": {
    "0": {
      "count": 4516,
      "ratio": 0.017164380489770165
    },
    "1": {
      "count": 9126,
      "ratio": 0.03468603550700676
    },
    "2": {
      "count": 19664,
      "ratio": 0.07473879051170074
    },
    "3": {
      "count": 1450,
      "ratio": 0.005511149625811945
    },
    "4": {
      "count": 1308,
      "ratio": 0.004971437041766912
    },
    "5": {
      "count": 1225,
      "ratio": 0.004655971235599746
    },
    "6": {
      "count": 1775,
      "ratio": 0.006746407300562898
    },
    "7": {
      "count": 924,
      "ratio": 0.0035119325891380944
    },
    "8": {
      "count": 1425,
      "ratio": 0.005416129804677256
    },
    "9": {
      "count": 1103,
      "ratio": 0.004192274508462465
    },
    "10": {
      "count": 971,
      "ratio": 0.003690569852871309
    },
    "11": {
      "count": 621,
      "ratio": 0.002360292356985667
    },
    "12": {
      "count": 943,
      "ratio": 0.0035841476532004575
    },
    "13": {
      "count": 1359,
      "ratio": 0.005165277476881678
    },
    "14": {
      "count": 1053,
      "ratio": 0.004002234866193088
    },
    "15": {
      "count": 1245,
      "ratio": 0.004731987092507497
    },
    "16": {
      "count": 911,
      "ratio": 0.003462522282148056
    },
    "17": {
      "count": 1112,
      "ratio": 0.0042264816440709535
    },
    "18": {
      "count": 1009,
      "ratio": 0.0038349999809960357
    },
    "19": {
      "count": 1254,
      "ratio": 0.004766194228115985
    },
    "20": {
      "count": 1390,
      "ratio": 0.005283102055088692
    },
    "21": {
      "count": 894,
      "ratio": 0.003397908803776468
    },
    "22": {
      "count": 1201,
      "ratio": 0.004564752207310445
    },
    "23": {
      "count": 1084,
      "ratio": 0.0041200594444001015
    },
    "24": {
      "count": 1045,
      "ratio": 0.003971828523429988
    },
    "25": {
      "count": 1107,
      "ratio": 0.0042074776798440156
    },
    "26": {
      "count": 1060,
      "ratio": 0.004028840416110801
    },
    "27": {
      "count": 1436,
      "ratio": 0.005457938525976519
    },
    "28": {
      "count": 1632,
      "ratio": 0.006202893923672478
    },
    "29": {
      "count": 1920,
      "ratio": 0.0072975222631440914
    },
    "30": {
      "count": 2323,
      "ratio": 0.008829241779835274
    },
    "31": {
      "count": 2649,
      "ratio": 0.010068300247431614
    },
    "32": {
      "count": 2822,
      "ratio": 0.01072583740968366
    },
    "33": {
      "count": 3900,
      "ratio": 0.014823092097011437
    },
    "34": {
      "count": 6786,
      "ratio": 0.0257921802487999
    },
    "35": {
      "count": 9780,
      "ratio": 0.03717175402789022
    },
    "36": {
      "count": 169080,
      "ratio": 0.6426380542981266
    }
  },
  "tiny_gaussian_count": 17475,
  "normal_gaussian_count": 245628,
  "tiny_importance_zero_ratio": 0.022660944206008584,
  "normal_importance_zero_ratio": 0.016773332030550262
}