{
  "experiment": "sofa_low_rerun",
  "step": 9999,
  "fields": {
    "adjust_b": {
      "shape": [
        39324,
        1,
        3
      ],
      "dtype": "float32"
    },
    "adjust_k": {
      "shape": [
        39324,
        1,
        3
      ],
      "dtype": "float32"
    },
    "means3d": {
      "shape": [
        39324,
        3
      ],
      "dtype": "float32"
    },
    "opacities": {
      "shape": [
        39324
      ],
      "dtype": "float32"
    },
    "quats": {
      "shape": [
        39324,
        4
      ],
      "dtype": "float32"
    },
    "scales": {
      "shape": [
        39324,
        3
      ],
      "dtype": "float32"
    },
    "sh0": {
      "shape": [
        39324,
        1,
        3
      ],
      "dtype": "float32"
    },
    "shN": {
      "shape": [
        39324,
        15,
        3
      ],
      "dtype": "float32"
    }
  },
  "gaussian_count": 39324,
  "means3d_stats": {
    "min": [
      -4.094860553741455,
      -5.971316814422607,
      -4.783955097198486
    ],
    "max": [
      3.9448225498199463,
      5.332341194152832,
      1.5903228521347046
    ],
    "mean": [
      -0.061504557728767395,
      -0.1855248361825943,
      -0.9037294983863831
    ]
  },
  "scales_stats": {
    "raw_mean": [
      -5.381280422210693,
      -4.973951816558838,
      -5.249990940093994
    ],
    "exp_mean": [
      0.034385014325380325,
      0.03452064469456673,
      0.03140948712825775
    ],
    "exp_min": [
      7.233701415643168e-10,
      5.858960427929105e-09,
      2.9168528703493735e-11
    ],
    "exp_max": [
      3.1897826194763184,
      1.8470826148986816,
      1.2335504293441772
    ]
  },
  "quat_stats": {
    "norm_mean": 1.2963392734527588,
    "norm_min": 0.33055388927459717,
    "norm_max": 2.8274028301239014
  },
  "opacity_stats": {
    "sigmoid_mean": 0.2019202560186386,
    "sigmoid_min": 0.0007863123319111764,
    "sigmoid_max": 1.0
  },
  "adjust_k_stats": {
    "mean_rgb": [
      0.7402682304382324,
      0.8747472763061523,
      1.160624623298645
    ],
    "min_rgb": [
      -3.897088050842285,
      -5.256282806396484,
      -4.102389812469482
    ],
    "max_rgb": [
      6.9725236892700195,
      7.89349889755249,
      9.087464332580566
    ]
  },
  "adjust_b_stats": {
    "mean_rgb": [
      -0.008495288901031017,
      0.035970207303762436,
      0.045005034655332565
    ],
    "min_rgb": [
      -3.3959429264068604,
      -3.594287157058716,
      -4.143698215484619
    ],
    "max_rgb": [
      4.690107345581055,
      5.902744770050049,
      7.69170618057251
    ]
  },
  "sh0_stats": {
    "mean_rgb": [
      0.6840686798095703,
      0.7696011066436768,
      0.6682522296905518
    ],
    "min_rgb": [
      -2.9771533012390137,
      -1.907793641090393,
      -1.875719428062439
    ],
    "max_rgb": [
      9.077226638793945,
      8.365878105163574,
      7.00441837310791
    ]
  },
  "shN_stats": {
    "abs_mean": 0.02936709299683571,
    "abs_max": 0.7651389837265015
  }
}