{"mem": 0.44040870666503906, "ellipse_time": 317.9452874660492, "num_GS": 39324}