{"mem": 0.4317512512207031, "ellipse_time": 156.91028785705566, "num_GS": 35051}