{
  "experiment": "bike_low",
  "step": 9999,
  "fields": {
    "adjust_b": {
      "shape": [
        182135,
        1,
        3
      ],
      "dtype": "float32"
    },
    "adjust_k": {
      "shape": [
        182135,
        1,
        3
      ],
      "dtype": "float32"
    },
    "means3d": {
      "shape": [
        182135,
        3
      ],
      "dtype": "float32"
    },
    "opacities": {
      "shape": [
        182135
      ],
      "dtype": "float32"
    },
    "quats": {
      "shape": [
        182135,
        4
      ],
      "dtype": "float32"
    },
    "scales": {
      "shape": [
        182135,
        3
      ],
      "dtype": "float32"
    },
    "sh0": {
      "shape": [
        182135,
        1,
        3
      ],
      "dtype": "float32"
    },
    "shN": {
      "shape": [
        182135,
        15,
        3
      ],
      "dtype": "float32"
    }
  },
  "gaussian_count": 182135,
  "means3d_stats": {
    "min": [
      -11.409323692321777,
      -5.476243495941162,
      -6.131460666656494
    ],
    "max": [
      12.659769058227539,
      10.020064353942871,
      6.958410263061523
    ],
    "mean": [
      0.09738945215940475,
      -0.6673187017440796,
      0.21500200033187866
    ]
  },
  "scales_stats": {
    "raw_mean": [
      -5.563501834869385,
      -5.516077518463135,
      -5.202281951904297
    ],
    "exp_mean": [
      0.021394571289420128,
      0.021685350686311722,
      0.025370297953486443
    ],
    "exp_min": [
      3.795802783201907e-09,
      7.494982412481477e-09,
      2.4017452915359172e-08
    ],
    "exp_max": [
      6.345337867736816,
      11.901418685913086,
      1.7028427124023438
    ]
  },
  "quat_stats": {
    "norm_mean": 1.207797646522522,
    "norm_min": 0.26793643832206726,
    "norm_max": 2.8136024475097656
  },
  "opacity_stats": {
    "sigmoid_mean": 0.19789737462997437,
    "sigmoid_min": 0.0008128021727316082,
    "sigmoid_max": 1.0
  },
  "adjust_k_stats": {
    "mean_rgb": [
      0.13486124575138092,
      0.22325526177883148,
      1.3857016563415527
    ],
    "min_rgb": [
      -7.190517425537109,
      -6.559902191162109,
      -7.086994171142578
    ],
    "max_rgb": [
      7.283019065856934,
      8.246089935302734,
      8.997018814086914
    ]
  },
  "adjust_b_stats": {
    "mean_rgb": [
      -0.21645890176296234,
      -0.25454840064048767,
      -0.3140806257724762
    ],
    "min_rgb": [
      -4.998793601989746,
      -5.32584810256958,
      -5.903814792633057
    ],
    "max_rgb": [
      3.8586840629577637,
      3.921703338623047,
      3.850268840789795
    ]
  },
  "sh0_stats": {
    "mean_rgb": [
      2.580186367034912,
      2.1304798126220703,
      1.4559515714645386
    ],
    "min_rgb": [
      -2.061652421951294,
      -2.002321481704712,
      -2.055213689804077
    ],
    "max_rgb": [
      13.954741477966309,
      11.340738296508789,
      12.127941131591797
    ]
  },
  "shN_stats": {
    "abs_mean": 0.03586649149656296,
    "abs_max": 0.8572482466697693
  }
}