{"mem": 0.6340913772583008, "ellipse_time": 186.1668632030487, "num_GS": 150698}