{"mem": 0.6953253746032715, "ellipse_time": 373.1571624279022, "num_GS": 182135}