{
  "scene": "buu",
  "num_gaussians": 91968,
  "importance_zero_count": 83064,
  "importance_zero_ratio": 0.9031837160751566,
  "importance_small_positive_count": 11,
  "importance_small_positive_ratio": 0.00011960681976339597,
  "nonzero_count": 8904,
  "nonzero_ratio": 0.09681628392484343,
  "nonzero_min": 4.2289770601597096e-07,
  "nonzero_p1": 9.765600685507501e-06,
  "nonzero_p10": 0.00142041597991693,
  "nonzero_median": 0.4702727606735365,
  "nonzero_p90": 67.08240898942061,
  "nonzero_p99": 2605.7928622149566,
  "nonzero_max": 80715.86067611355,
  "covered_views_mean": 0.17284272790535837,
  "covered_views_median": 0.0,
  "covered_views_max": 7,
  "covered_views_zero_count": 83064,
  "covered_views_zero_ratio": 0.9031837160751566,
  "tiny_threshold": 0.004688415149489732,
  "tiny_count": 4813,
  "tiny_importance_zero_count": 4448,
  "tiny_importance_zero_ratio": 0.9241637232495326,
  "normal_count": 87155,
  "normal_importance_zero_count": 78616,
  "normal_importance_zero_ratio": 0.9020251276461476
}