{
  "experiment": "chair_over_exp_rerun",
  "step": 9999,
  "fields": {
    "adjust_b": {
      "shape": [
        107805,
        1,
        3
      ],
      "dtype": "float32"
    },
    "adjust_k": {
      "shape": [
        107805,
        1,
        3
      ],
      "dtype": "float32"
    },
    "means3d": {
      "shape": [
        107805,
        3
      ],
      "dtype": "float32"
    },
    "opacities": {
      "shape": [
        107805
      ],
      "dtype": "float32"
    },
    "quats": {
      "shape": [
        107805,
        4
      ],
      "dtype": "float32"
    },
    "scales": {
      "shape": [
        107805,
        3
      ],
      "dtype": "float32"
    },
    "sh0": {
      "shape": [
        107805,
        1,
        3
      ],
      "dtype": "float32"
    },
    "shN": {
      "shape": [
        107805,
        15,
        3
      ],
      "dtype": "float32"
    }
  },
  "gaussian_count": 107805,
  "means3d_stats": {
    "min": [
      -8.511112213134766,
      -6.980470657348633,
      -3.594432830810547
    ],
    "max": [
      7.4900288581848145,
      7.311673164367676,
      7.296331882476807
    ],
    "mean": [
      -0.14391733705997467,
      -0.13391587138175964,
      0.39155128598213196
    ]
  },
  "scales_stats": {
    "raw_mean": [
      -5.197203159332275,
      -5.148172855377197,
      -5.090979099273682
    ],
    "exp_mean": [
      0.03424127399921417,
      0.03141576051712036,
      0.034643687307834625
    ],
    "exp_min": [
      1.9324420535982156e-12,
      9.857960003856192e-10,
      2.621604973038205e-12
    ],
    "exp_max": [
      3.1517174243927,
      1.6659189462661743,
      2.9975123405456543
    ]
  },
  "quat_stats": {
    "norm_mean": 1.2401939630508423,
    "norm_min": 0.2998373806476593,
    "norm_max": 2.774806022644043
  },
  "opacity_stats": {
    "sigmoid_mean": 0.2563588619232178,
    "sigmoid_min": 0.001240793033502996,
    "sigmoid_max": 1.0
  },
  "adjust_k_stats": {
    "mean_rgb": [
      0.6768836379051208,
      0.6879881024360657,
      0.9921202659606934
    ],
    "min_rgb": [
      -4.604089260101318,
      -5.106362819671631,
      -4.824717998504639
    ],
    "max_rgb": [
      6.4171247482299805,
      6.2534356117248535,
      7.469862461090088
    ]
  },
  "adjust_b_stats": {
    "mean_rgb": [
      -0.004737149458378553,
      0.002579910447821021,
      0.0030580926686525345
    ],
    "min_rgb": [
      -4.314639568328857,
      -4.272570610046387,
      -5.034456253051758
    ],
    "max_rgb": [
      4.70578145980835,
      4.753413200378418,
      4.751124858856201
    ]
  },
  "sh0_stats": {
    "mean_rgb": [
      -0.12713150680065155,
      -0.6140573620796204,
      -0.969897985458374
    ],
    "min_rgb": [
      -3.9650449752807617,
      -3.2500853538513184,
      -3.791759967803955
    ],
    "max_rgb": [
      6.242580890655518,
      4.4501872062683105,
      4.313747882843018
    ]
  },
  "shN_stats": {
    "abs_mean": 0.028667530044913292,
    "abs_max": 0.7615557909011841
  }
}