{"mem": 0.5507636070251465, "ellipse_time": 221.25187253952026, "num_GS": 99486}