{"mem": 0.5700559616088867, "ellipse_time": 592.2050557136536, "num_GS": 107805}