{
  "experiment": "bike_over_exp",
  "step": 9999,
  "fields": {
    "adjust_b": {
      "shape": [
        263103,
        1,
        3
      ],
      "dtype": "float32"
    },
    "adjust_k": {
      "shape": [
        263103,
        1,
        3
      ],
      "dtype": "float32"
    },
    "means3d": {
      "shape": [
        263103,
        3
      ],
      "dtype": "float32"
    },
    "opacities": {
      "shape": [
        263103
      ],
      "dtype": "float32"
    },
    "quats": {
      "shape": [
        263103,
        4
      ],
      "dtype": "float32"
    },
    "scales": {
      "shape": [
        263103,
        3
      ],
      "dtype": "float32"
    },
    "sh0": {
      "shape": [
        263103,
        1,
        3
      ],
      "dtype": "float32"
    },
    "shN": {
      "shape": [
        263103,
        15,
        3
      ],
      "dtype": "float32"
    }
  },
  "gaussian_count": 263103,
  "means3d_stats": {
    "min": [
      -10.691644668579102,
      -6.041312217712402,
      -5.979861259460449
    ],
    "max": [
      11.541349411010742,
      26.460369110107422,
      11.103111267089844
    ],
    "mean": [
      -0.08433246612548828,
      -0.46445783972740173,
      0.7435153126716614
    ]
  },
  "scales_stats": {
    "raw_mean": [
      -6.154775142669678,
      -6.1816182136535645,
      -6.3324103355407715
    ],
    "exp_mean": [
      0.023704107850790024,
      0.02241251803934574,
      0.021620972082018852
    ],
    "exp_min": [
      2.213228515388077e-12,
      8.48339540976406e-12,
      1.308646593867202e-11
    ],
    "exp_max": [
      9.55263614654541,
      10.193408966064453,
      3.8975822925567627
    ]
  },
  "quat_stats": {
    "norm_mean": 1.2416692972183228,
    "norm_min": 0.24204576015472412,
    "norm_max": 3.0637049674987793
  },
  "opacity_stats": {
    "sigmoid_mean": 0.27220121026039124,
    "sigmoid_min": 0.0012443845625966787,
    "sigmoid_max": 1.0
  },
  "adjust_k_stats": {
    "mean_rgb": [
      0.8092401623725891,
      0.8412579894065857,
      0.6455931067466736
    ],
    "min_rgb": [
      -5.994844913482666,
      -3.8965508937835693,
      -5.588531494140625
    ],
    "max_rgb": [
      6.1249494552612305,
      5.560245037078857,
      5.686580657958984
    ]
  },
  "adjust_b_stats": {
    "mean_rgb": [
      0.04239514097571373,
      0.04368406906723976,
      0.05047864839434624
    ],
    "min_rgb": [
      -5.9298272132873535,
      -6.155992031097412,
      -6.369378089904785
    ],
    "max_rgb": [
      4.597166538238525,
      4.729545593261719,
      4.23451566696167
    ]
  },
  "sh0_stats": {
    "mean_rgb": [
      0.07991985231637955,
      -0.1916830986738205,
      -0.5016617178916931
    ],
    "min_rgb": [
      -4.607355117797852,
      -4.017414093017578,
      -4.649796962738037
    ],
    "max_rgb": [
      9.37896728515625,
      9.41497802734375,
      9.0863037109375
    ]
  },
  "shN_stats": {
    "abs_mean": 0.030411439016461372,
    "abs_max": 0.9227429628372192
  }
}