{"mem": 0.8431062698364258, "ellipse_time": 480.6008052825928, "num_GS": 263103}