{"mem": 0.7305893898010254, "ellipse_time": 184.20422339439392, "num_GS": 206739}