{
  "experiment": "sofa_over_exp_rerun",
  "step": 9999,
  "fields": {
    "adjust_b": {
      "shape": [
        67585,
        1,
        3
      ],
      "dtype": "float32"
    },
    "adjust_k": {
      "shape": [
        67585,
        1,
        3
      ],
      "dtype": "float32"
    },
    "means3d": {
      "shape": [
        67585,
        3
      ],
      "dtype": "float32"
    },
    "opacities": {
      "shape": [
        67585
      ],
      "dtype": "float32"
    },
    "quats": {
      "shape": [
        67585,
        4
      ],
      "dtype": "float32"
    },
    "scales": {
      "shape": [
        67585,
        3
      ],
      "dtype": "float32"
    },
    "sh0": {
      "shape": [
        67585,
        1,
        3
      ],
      "dtype": "float32"
    },
    "shN": {
      "shape": [
        67585,
        15,
        3
      ],
      "dtype": "float32"
    }
  },
  "gaussian_count": 67585,
  "means3d_stats": {
    "min": [
      -3.7766661643981934,
      -4.183424949645996,
      -3.8022446632385254
    ],
    "max": [
      2.526350498199463,
      4.159717082977295,
      1.698226809501648
    ],
    "mean": [
      0.1926831156015396,
      0.2308245748281479,
      -0.5199880003929138
    ]
  },
  "scales_stats": {
    "raw_mean": [
      -6.43970251083374,
      -5.862978935241699,
      -6.0405802726745605
    ],
    "exp_mean": [
      0.02211855538189411,
      0.021310804411768913,
      0.024252673611044884
    ],
    "exp_min": [
      5.044349053046071e-12,
      1.2723322395657988e-09,
      2.0999578465019653e-10
    ],
    "exp_max": [
      0.7897924184799194,
      1.1937625408172607,
      0.741922914981842
    ]
  },
  "quat_stats": {
    "norm_mean": 1.3050360679626465,
    "norm_min": 0.2385944128036499,
    "norm_max": 2.992835283279419
  },
  "opacity_stats": {
    "sigmoid_mean": 0.30838707089424133,
    "sigmoid_min": 0.0021395995281636715,
    "sigmoid_max": 1.0
  },
  "adjust_k_stats": {
    "mean_rgb": [
      0.7958264350891113,
      0.9727204442024231,
      1.0102051496505737
    ],
    "min_rgb": [
      -5.888418674468994,
      -6.78253173828125,
      -4.44153356552124
    ],
    "max_rgb": [
      6.744584083557129,
      7.428457736968994,
      10.829385757446289
    ]
  },
  "adjust_b_stats": {
    "mean_rgb": [
      -0.024640703573822975,
      -0.027507180348038673,
      -0.03155463561415672
    ],
    "min_rgb": [
      -4.9059858322143555,
      -4.3392133712768555,
      -4.364365577697754
    ],
    "max_rgb": [
      5.542097568511963,
      5.257650852203369,
      2.8746447563171387
    ]
  },
  "sh0_stats": {
    "mean_rgb": [
      -0.2543344795703888,
      -0.10640093684196472,
      -0.05419047921895981
    ],
    "min_rgb": [
      -3.9525341987609863,
      -3.709717035293579,
      -3.516173839569092
    ],
    "max_rgb": [
      5.809845447540283,
      6.237011432647705,
      8.549006462097168
    ]
  },
  "shN_stats": {
    "abs_mean": 0.02332836017012596,
    "abs_max": 0.5736448168754578
  }
}