{"mem": 0.4918942451477051, "ellipse_time": 345.28311419487, "num_GS": 67585}