{"mem": 0.4682183265686035, "ellipse_time": 167.4524416923523, "num_GS": 57795}